Features-jackets,ResultCount
collared men jackets,434173
full zip men jackets,382793
hooded men jackets,309533
pockets men jackets,281753
heavyweight men jackets,281316
zipped pockets men jackets,238943
single-breasted men jackets,198704
all seasons men jackets,195738
lightweight men jackets,192495
oversized men jackets,116154
lined men jackets,105996
1-4 zip men jackets,99390
breathable men jackets,91901
bodywarmer men jackets,81938
padded men jackets,80456
open men jackets,46702
inner pockets men jackets,40326
double-breasted men jackets,34118
insulated men jackets,33003
straps men jackets,26911
soft shell men jackets,22647
wind-resistant men jackets,20109
elastic waist men jackets,11491
reversible men jackets,9416
1-2 zip men jackets,8197
removable lining men jackets,6710
reflective men jackets,6306
thermal men jackets,5665
removable hood men jackets,4737
adjustable men jackets,4231
moisture wicking men jackets,4037
unlined men jackets,4021
collarless men jackets,3658
belted men jackets,3562
easy care men jackets,3150
weathergear men jackets,2863
graphic print men jackets,2499
interchange men jackets,2102
buckle men jackets,1365
ventilated men jackets,1340
removable collar men jackets,1018
taped seams men jackets,854
limited edition men jackets,818
tagless men jackets,640
fishtail men jackets,632
removable sleeves men jackets,524
double-sided men jackets,403
contrasting trim men jackets,386
fluorescent men jackets,385
thumbholes men jackets,355
adjustable strap men jackets,349
rubberized men jackets,308
sheer men jackets,258
transparent men jackets,243
slit men jackets,159
compression men jackets,158
glow in the dark men jackets,83
shoulder pads men jackets,48
led men jackets,16
crochet men jackets,15
backless men jackets,4
keyhole neck men jackets,1
built-in bra men jackets,0
