Features-hoodies,ResultCount
hooded men hoodies,1611711
graphic print men hoodies,784970
all seasons men hoodies,207882
full zip men hoodies,191761
heavyweight men hoodies,159009
pockets men hoodies,122824
lightweight men hoodies,37439
breathable men hoodies,27841
zipped pockets men hoodies,26086
adjustable men hoodies,15591
lined men hoodies,15147
oversized men hoodies,14190
reversible men hoodies,5260
collared men hoodies,4625
moisture wicking men hoodies,4253
1-4 zip men hoodies,3989
open men hoodies,3841
thermal men hoodies,3599
insulated men hoodies,2245
1-2 zip men hoodies,1903
collarless men hoodies,1901
reflective men hoodies,1883
limited edition men hoodies,1585
easy care men hoodies,1378
tagless men hoodies,1152
padded men hoodies,856
taped seams men hoodies,747
bodywarmer men hoodies,695
elastic waist men hoodies,616
wind-resistant men hoodies,610
straps men hoodies,561
soft shell men hoodies,554
double-sided men hoodies,494
buckle men hoodies,385
fluorescent men hoodies,380
removable hood men hoodies,370
thumbholes men hoodies,342
unlined men hoodies,247
glow in the dark men hoodies,240
rubberized men hoodies,186
adjustable strap men hoodies,181
weathergear men hoodies,158
led men hoodies,153
belted men hoodies,149
contrasting trim men hoodies,138
sheer men hoodies,130
inner pockets men hoodies,128
removable lining men hoodies,123
compression men hoodies,118
transparent men hoodies,106
ventilated men hoodies,90
fishtail men hoodies,85
single-breasted men hoodies,47
removable collar men hoodies,33
slit men hoodies,30
removable sleeves men hoodies,22
interchange men hoodies,20
double-breasted men hoodies,14
crochet men hoodies,13
backless men hoodies,3
keyhole neck men hoodies,2
shoulder pads men hoodies,1
built-in bra men hoodies,1
