lining_material_hoodies,ResultCount
cotton men hoodies,1162857
polyester men hoodies,346478
polyester blend men hoodies,3745
nylon men hoodies,2947
silver men hoodies,2692
spandex men hoodies,2234
down men hoodies,2082
wool men hoodies,1834
acrylic men hoodies,1734
fur men hoodies,1328
rayon men hoodies,972
leather men hoodies,699
camel men hoodies,611
fabric men hoodies,600
hemp men hoodies,581
faux fur men hoodies,507
viscose men hoodies,480
faux leather men hoodies,448
cashmere men hoodies,415
vinyl men hoodies,398
alpaca men hoodies,306
silk men hoodies,297
polyamide men hoodies,293
beaver men hoodies,273
wool blend men hoodies,259
linen men hoodies,233
acetate men hoodies,199
rubber men hoodies,184
suede men hoodies,182
satin men hoodies,179
llama men hoodies,159
foam men hoodies,157
modal men hoodies,138
alfa men hoodies,116
bamboo men hoodies,104
copper men hoodies,95
aramid men hoodies,89
polyurethane men hoodies,83
protein men hoodies,80
bronze men hoodies,79
shearling men hoodies,72
lyocell men hoodies,66
otter men hoodies,61
elastodiene men hoodies,55
plastic men hoodies,32
animal hair men hoodies,32
titanium men hoodies,30
broom men hoodies,30
straw men hoodies,29
polyethylene men hoodies,29
mohair men hoodies,29
flax men hoodies,29
alginate men hoodies,28
nickel men hoodies,23
angora men hoodies,21
polyimide men hoodies,20
yak men hoodies,16
patent leather men hoodies,14
polypropylene men hoodies,13
polyacrylate fiber men hoodies,13
aluminum men hoodies,13
100 percent polyester men hoodies,12
100 percent cotton men hoodies,10
faux suede men hoodies,9
zinc men hoodies,8
elastolefin men hoodies,8
modacrylic men hoodies,7
ramie men hoodies,6
cashgora men hoodies,5
elastomultiester men hoodies,4
coir men hoodies,4
sisal men hoodies,3
polycarbamide men hoodies,3
manila hemp men hoodies,3
chlorofiber men hoodies,3
kapok men hoodies,2
trivinyl men hoodies,2
triacetate men hoodies,2
sunn men hoodies,2
polylactide men hoodies,2
cupro men hoodies,2
stainless steel men hoodies,1
maguey men hoodies,1
fluorofiber men hoodies,1
100 percent acetate men hoodies,0
henequen men hoodies,0
vicuna men hoodies,0
polypropylene fiber men hoodies,0
polyamide fiber men hoodies,0
paper fiber men hoodies,0
metallized fiber men hoodies,0
metallic fiber men hoodies,0
melamine men hoodies,0
guanaco men hoodies,0
fiber glass men hoodies,0
100 percent nylon men hoodies,0
