lining_material_jackets,ResultCount
leather men jackets,220132
satin men jackets,130524
polyester men jackets,103852
wool men jackets,92812
faux leather men jackets,75153
fur men jackets,71475
cotton men jackets,64109
down men jackets,54636
suede men jackets,37073
faux fur men jackets,26528
nylon men jackets,25892
wool blend men jackets,23426
polyester blend men jackets,14653
silver men jackets,11062
viscose men jackets,10824
linen men jackets,10627
polyamide men jackets,10609
silk men jackets,5921
acetate men jackets,5285
rayon men jackets,4776
camel men jackets,4549
cashmere men jackets,4012
spandex men jackets,3923
shearling men jackets,3872
fabric men jackets,1948
polyurethane men jackets,1812
acrylic men jackets,1264
cupro men jackets,1152
faux suede men jackets,991
polyimide men jackets,816
patent leather men jackets,803
mohair men jackets,647
titanium men jackets,637
vinyl men jackets,375
beaver men jackets,338
polyethylene men jackets,304
rubber men jackets,297
copper men jackets,288
animal hair men jackets,261
alpaca men jackets,241
plastic men jackets,229
bronze men jackets,228
hemp men jackets,169
flax men jackets,140
polypropylene men jackets,139
llama men jackets,125
aramid men jackets,113
lyocell men jackets,95
bamboo men jackets,87
modal men jackets,70
foam men jackets,57
modacrylic men jackets,56
ramie men jackets,47
angora men jackets,39
otter men jackets,35
nickel men jackets,35
aluminum men jackets,32
zinc men jackets,29
elastodiene men jackets,29
yak men jackets,28
alfa men jackets,24
trivinyl men jackets,22
chlorofiber men jackets,18
polyamide fiber men jackets,17
triacetate men jackets,14
elastolefin men jackets,13
cashgora men jackets,13
straw men jackets,12
polycarbamide men jackets,12
guanaco men jackets,9
kapok men jackets,8
elastomultiester men jackets,8
alginate men jackets,8
sunn men jackets,7
polylactide men jackets,7
100 percent polyester men jackets,7
stainless steel men jackets,6
vicuna men jackets,5
fiber glass men jackets,4
100 percent cotton men jackets,4
polyacrylate fiber men jackets,3
coir men jackets,3
broom men jackets,3
protein men jackets,2
metallic fiber men jackets,2
metallized fiber men jackets,2
polypropylene fiber men jackets,1
manila hemp men jackets,1
fluorofiber men jackets,1
100 percent acetate men jackets,0
maguey men jackets,0
sisal men jackets,0
paper fiber men jackets,0
melamine men jackets,0
henequen men jackets,0
100 percent nylon men jackets,0
