performance/activity-hoodies,ResultCount
typing men hoodies,76330
walking men hoodies,56041
motorcycle men hoodies,41065
bodybuilding men hoodies,40799
crossfit men hoodies,26670
military men hoodies,21511
football men hoodies,19107
soccer men hoodies,14435
racing men hoodies,10821
fishing men hoodies,8955
riding men hoodies,8240
track and field men hoodies,8190
school men hoodies,7690
basketball men hoodies,6333
weightlifting men hoodies,5683
skiing men hoodies,4227
beach men hoodies,3928
hockey men hoodies,3821
tennis men hoodies,3018
hunting men hoodies,2788
baseball men hoodies,2257
skateboarding men hoodies,1740
lacrosse men hoodies,1619
rugby men hoodies,1522
driving men hoodies,1133
golf men hoodies,1089
pilates men hoodies,1050
dance men hoodies,1005
cycling men hoodies,923
squash men hoodies,764
yoga men hoodies,759
hiking men hoodies,701
wrestling men hoodies,375
volleyball men hoodies,310
gym and training men hoodies,161
netball men hoodies,109
water sports men hoodies,76
cheerleading men hoodies,36
cross training men hoodies,22
running and jogging men hoodies,4
