Performance-activities-jackets,ResultCount
motorcycle men jackets,227098
walking men jackets,162099
riding men jackets,106176
military men jackets,85391
bodybuilding men jackets,35394
crossfit men jackets,33051
skiing men jackets,27287
football men jackets,20003
baseball men jackets,17637
soccer men jackets,16716
golf men jackets,15650
racing men jackets,15328
track and field men jackets,14329
hunting men jackets,8739
tennis men jackets,8441
fishing men jackets,6933
basketball men jackets,6723
hiking men jackets,6480
cycling men jackets,4661
school men jackets,4171
beach men jackets,2979
hockey men jackets,2643
driving men jackets,2362
weightlifting men jackets,1877
typing men jackets,1469
lacrosse men jackets,997
pilates men jackets,839
rugby men jackets,687
water sports men jackets,541
squash men jackets,499
skateboarding men jackets,429
dance men jackets,337
volleyball men jackets,235
yoga men jackets,94
wrestling men jackets,80
cross training men jackets,22
running and jogging men jackets,11
cheerleading men jackets,7
gym and training men jackets,3
netball men jackets,0
