themes_hoodies,ResultCount
cherry men hoodies,330413
sports men hoodies,233800
christmas men hoodies,108027
love men hoodies,65934
birthday men hoodies,63699
anime men hoodies,59541
3d men hoodies,56914
cars men hoodies,50706
american men hoodies,49657
novelty men hoodies,48481
motorcycle men hoodies,41609
skull men hoodies,41078
colorful men hoodies,40358
bike men hoodies,37135
logo men hoodies,33079
retro men hoodies,26135
animals men hoodies,23697
muscle men hoodies,23223
flag men hoodies,20467
university men hoodies,18282
halloween men hoodies,17519
quotes men hoodies,17226
stars men hoodies,15333
heart men hoodies,14996
dog men hoodies,13633
rock men hoodies,13241
cat men hoodies,12544
usa men hoodies,11707
hipster men hoodies,10578
happy men hoodies,10302
college men hoodies,9974
state men hoodies,9888
transportation men hoodies,9801
angel men hoodies,8024
festive men hoodies,7844
holiday men hoodies,7822
school men hoodies,7690
movie men hoodies,7036
tv men hoodies,6615
army men hoodies,3947
beach men hoodies,3911
bear men hoodies,3624
eagle men hoodies,3484
comics men hoodies,3392
tiger men hoodies,3123
punk men hoodies,3027
tribal men hoodies,2992
horse men hoodies,2948
skeleton men hoodies,2919
hunting men hoodies,2775
festival men hoodies,2596
outdoor men hoodies,2461
bull men hoodies,2391
tattoo men hoodies,2330
lion men hoodies,2203
shark men hoodies,2152
nerd men hoodies,2152
geek men hoodies,1966
spider men hoodies,1938
viking men hoodies,1931
neon men hoodies,1779
roses men hoodies,1774
patriotic men hoodies,1726
city men hoodies,1686
cowboy men hoodies,1684
mexican men hoodies,1669
rose men hoodies,1668
music men hoodies,1619
gothic men hoodies,1607
nature men hoodies,1599
beer men hoodies,1587
rainbow men hoodies,1584
ski men hoodies,1528
indian men hoodies,1520
shiny men hoodies,1510
texas men hoodies,1481
countries men hoodies,1448
fish men hoodies,1400
fox men hoodies,1376
cartoon men hoodies,1364
flower men hoodies,1345
aztec men hoodies,1312
marine men hoodies,1302
monster men hoodies,1215
castle men hoodies,1193
london men hoodies,1134
paris men hoodies,1092
money men hoodies,1086
galaxy men hoodies,1060
moon men hoodies,1049
dance men hoodies,999
leaf men hoodies,972
graffiti men hoodies,920
unicorn men hoodies,891
space men hoodies,869
wedding men hoodies,864
superhero men hoodies,804
snake men hoodies,796
deer men hoodies,794
guitar men hoodies,786
air force men hoodies,770
pirates men hoodies,755
bunny men hoodies,747
religious men hoodies,726
peasant men hoodies,715
owl men hoodies,674
wolf men hoodies,650
sea life men hoodies,644
fruit men hoodies,639
palm men hoodies,638
bohemian men hoodies,627
princess men hoodies,593
farm men hoodies,590
shell men hoodies,581
preppy men hoodies,577
aloha men hoodies,557
dinosaurs men hoodies,556
valentine men hoodies,554
whale men hoodies,546
teacher men hoodies,543
st. patrick-s day men hoodies,510
arrows men hoodies,508
planets men hoodies,496
hawaiian men hoodies,493
grunge men hoodies,493
butterfly men hoodies,483
native american men hoodies,482
nautical men hoodies,472
southwestern men hoodies,460
panda men hoodies,457
anchor men hoodies,444
leopard men hoodies,443
jaguar men hoodies,435
cross men hoodies,416
banana men hoodies,416
harajuku men hoodies,412
korean men hoodies,411
map men hoodies,402
zebra men hoodies,394
firefighter men hoodies,392
elephant men hoodies,381
frog men hoodies,366
dragon men hoodies,360
tropical men hoodies,348
sailor men hoodies,340
elvis men hoodies,333
tractor men hoodies,330
snowflake men hoodies,329
shamrock men hoodies,325
cow men hoodies,319
ice cream men hoodies,319
robots men hoodies,302
jungle men hoodies,302
disco men hoodies,293
garden men hoodies,292
equestrian men hoodies,269
metal men hoodies,268
easter men hoodies,250
steampunk men hoodies,211
tea men hoodies,206
mandala men hoodies,202
mermaid men hoodies,198
bird men hoodies,180
giraffe men hoodies,177
coins men hoodies,160
donuts men hoodies,155
grecian men hoodies,148
octopus men hoodies,147
cowgirl men hoodies,137
police,132
pineapple men hoodies,132
sheer men hoodies,130
rodeo men hoodies,116
medieval men hoodies,116
cosmic men hoodies,112
crocodile men hoodies,100
fire department men hoodies,98
peacock men hoodies,93
gypsy men hoodies,80
goddess men hoodies,78
dragonfly men hoodies,70
jeep men hoodies,69
safari men hoodies,66
celebrity men hoodies,47
baroque men hoodies,46
tortoise men hoodies,45
vehicles men hoodies,38
victorian men hoodies,23
botanical men hoodies,11
signs and symbols men hoodies,6
moon and stars men hoodies,4
pageant men hoodies,1
jodhpur men hoodies,1
toys and games men hoodies,0
streets and maps men hoodies,0
reptiles and amphibians men hoodies,0
fire and ambulance men hoodies,0
pistil men hoodies,0
numbers and letters men hoodies,0
military and weaponry men hoodies,0
numbers and words men hoodies,0
gadgets and tools men hoodies,0
food and drink men hoodies,0
fairytale and fantasy men hoodies,0
computer and office men hoodies,0
clowns and circus men hoodies,0
celestial and horoscope men hoodies,0
bugs and insects men hoodies,0
buildings and monuments men hoodies,0
