themes_jackets,ResultCount
bike men jackets,239397
motorcycle men jackets,225638
cherry men jackets,217597
army men jackets,110624
logo men jackets,105397
love men jackets,90800
happy men jackets,83286
wedding men jackets,78123
college men jackets,76880
holiday men jackets,71745
city men jackets,64416
sports men jackets,63390
christmas men jackets,62980
outdoor men jackets,57427
colorful men jackets,54123
retro men jackets,38108
festive men jackets,25711
festival men jackets,25692
punk men jackets,24998
korean men jackets,20192
usa men jackets,18492
ski men jackets,17536
university men jackets,17304
shell men jackets,16167
cowboy men jackets,15494
hunting men jackets,8716
american men jackets,6101
state men jackets,5428
hipster men jackets,5100
london men jackets,5029
stars men jackets,4560
halloween men jackets,4224
school men jackets,4171
anime men jackets,3483
countries men jackets,3274
nature men jackets,3233
beach men jackets,2979
steampunk men jackets,2801
eagle men jackets,2722
tiger men jackets,2653
shiny men jackets,2342
gothic men jackets,2261
fish men jackets,2233
banana men jackets,2212
cow men jackets,2195
animals men jackets,2136
rock men jackets,2032
bear men jackets,2003
air force men jackets,1958
aztec men jackets,1813
metal men jackets,1703
flag men jackets,1680
cat men jackets,1679
preppy men jackets,1640
neon men jackets,1531
fox men jackets,1527
muscle men jackets,1433
shark men jackets,1343
bull men jackets,1298
skull men jackets,1298
cars men jackets,1288
3d men jackets,1261
transportation men jackets,1239
southwestern men jackets,1196
music men jackets,1193
nautical men jackets,1092
marine men jackets,1079
celebrity men jackets,1047
indian men jackets,1037
texas men jackets,1035
safari men jackets,1021
paris men jackets,995
lion men jackets,988
sea life men jackets,935
victorian men jackets,856
dragon men jackets,853
movie men jackets,840
native american men jackets,830
aloha men jackets,804
cross men jackets,792
farm men jackets,749
viking men jackets,732
horse men jackets,714
spider men jackets,714
equestrian men jackets,689
bohemian men jackets,672
money men jackets,667
leopard men jackets,655
wolf men jackets,641
patriotic men jackets,633
novelty men jackets,632
roses men jackets,623
space men jackets,623
flower men jackets,483
comics men jackets,480
galaxy men jackets,453
castle men jackets,452
leaf men jackets,434
palm men jackets,408
peasant men jackets,407
easter men jackets,402
tropical men jackets,393
bird men jackets,391
pirates men jackets,390
arrows men jackets,375
rainbow men jackets,372
beer men jackets,368
teacher men jackets,359
tribal men jackets,355
rose men jackets,354
monster men jackets,343
jungle men jackets,339
dance men jackets,337
disco men jackets,336
sailor men jackets,326
deer men jackets,319
jaguar men jackets,313
dog men jackets,309
unicorn men jackets,292
angel men jackets,289
grunge men jackets,287
medieval men jackets,266
geek men jackets,263
moon men jackets,261
whale men jackets,260
sheer men jackets,258
snake men jackets,258
rodeo men jackets,251
superhero men jackets,237
graffiti men jackets,231
crocodile men jackets,193
nerd men jackets,186
heart men jackets,183
peacock men jackets,183
tv men jackets,183
elephant men jackets,182
tattoo men jackets,175
bunny men jackets,170
frog men jackets,168
planets men jackets,165
cartoon men jackets,155
hawaiian men jackets,153
anchor men jackets,145
police,132
harajuku men jackets,129
jodhpur men jackets,127
map men jackets,127
skeleton men jackets,127
ice cream men jackets,122
zebra men jackets,109
jeep men jackets,105
fruit men jackets,101
baroque men jackets,91
tea men jackets,91
firefighter men jackets,86
owl men jackets,82
gypsy men jackets,75
mexican men jackets,61
garden men jackets,58
grecian men jackets,58
snowflake men jackets,53
birthday men jackets,52
cosmic men jackets,50
elvis men jackets,47
st. patrick-s day men jackets,45
guitar men jackets,44
princess men jackets,41
shamrock men jackets,41
fire department men jackets,37
butterfly men jackets,36
religious men jackets,36
panda men jackets,31
tractor men jackets,31
dragonfly men jackets,27
cowgirl men jackets,25
quotes men jackets,25
coins men jackets,19
botanical men jackets,13
dinosaurs men jackets,11
pineapple men jackets,11
tortoise men jackets,9
valentine men jackets,9
vehicles men jackets,9
robots men jackets,8
donuts men jackets,6
giraffe men jackets,6
goddess men jackets,5
mermaid men jackets,4
mandala men jackets,2
octopus men jackets,2
pageant men jackets,2
bugs and insects men jackets,0
buildings and monuments men jackets,0
celestial and horoscope men jackets,0
clowns and circus men jackets,0
computer and office men jackets,0
fairytale and fantasy men jackets,0
fire and ambulance men jackets,0
food and drink men jackets,0
gadgets and tools men jackets,0
military and weaponry men jackets,0
moon and stars men jackets,0
numbers and letters men jackets,0
numbers and words men jackets,0
pistil men jackets,0
reptiles and amphibians men jackets,0
signs and symbols men jackets,0
streets and maps men jackets,0
toys and games men jackets,0
